{
  "accuracy": 0.9805,
  "f1_score": 0.981,
  "roc_auc": 0.999,
  "classification_report": {
    "0": {
      "precision": 0.98,
      "recall": 0.98,
      "f1-score": 0.98,
      "support": 100.0
    },
    "1": {
      "precision": 0.9809523809523809,
      "recall": 0.9809523809523809,
      "f1-score": 0.9809523809523809,
      "support": 105.0
    },
    "accuracy": 0.9804878048780488,
    "macro avg": {
      "precision": 0.9804761904761905,
      "recall": 0.9804761904761905,
      "f1-score": 0.9804761904761905,
      "support": 205.0
    },
    "weighted avg": {
      "precision": 0.9804878048780488,
      "recall": 0.9804878048780488,
      "f1-score": 0.9804878048780488,
      "support": 205.0
    }
  }
}